struct_feature,aggregate_feature,pearson
in_BTC_min,Aggregate_feature_1,0.6518031084356285
in_BTC_median,Aggregate_feature_1,0.6513930656660334
in_BTC_mean,Aggregate_feature_1,0.6512819689183722
in_BTC_max,Aggregate_feature_1,0.6425805699119368
out_BTC_total,Aggregate_feature_1,0.6380146818423856
total_BTC,Aggregate_feature_1,0.6380146818423856
in_BTC_total,Aggregate_feature_1,0.638014273049548
out_BTC_max,Aggregate_feature_1,0.6372733249562582
in_BTC_mean,Aggregate_feature_4,0.6351976461487209
in_BTC_median,Aggregate_feature_4,0.6349196431189321
in_BTC_min,Aggregate_feature_4,0.6335671786859749
in_BTC_max,Aggregate_feature_4,0.631276657166351
total_BTC,Aggregate_feature_4,0.6292231186407324
out_BTC_total,Aggregate_feature_4,0.6292231186407324
in_BTC_total,Aggregate_feature_4,0.6292229487288385
out_BTC_max,Aggregate_feature_4,0.627343243833529
out_BTC_mean,Aggregate_feature_1,0.5793301814563212
out_BTC_mean,Aggregate_feature_4,0.569002200293208
in_BTC_total,Aggregate_feature_2,0.5284401903998358
out_BTC_total,Aggregate_feature_2,0.5284380341771804
total_BTC,Aggregate_feature_2,0.5284380341771804
out_BTC_median,Aggregate_feature_1,0.5252883150763827
out_BTC_max,Aggregate_feature_2,0.5246868114730613
in_BTC_max,Aggregate_feature_2,0.5215482772306808
out_BTC_median,Aggregate_feature_4,0.5155609676607974
out_BTC_mean,Aggregate_feature_40,0.5130364478583637
in_BTC_mean,Aggregate_feature_2,0.5032298704003391
out_BTC_median,Aggregate_feature_40,0.5031944506209954
in_BTC_median,Aggregate_feature_2,0.5013293129527895
in_BTC_min,Aggregate_feature_2,0.4988128744109291
in_BTC_total,Aggregate_feature_38,0.49139796937476077
out_BTC_total,Aggregate_feature_38,0.4913967432410966
total_BTC,Aggregate_feature_38,0.4913967432410966
in_BTC_max,Aggregate_feature_38,0.48539006769665705
out_BTC_max,Aggregate_feature_38,0.4838782119421459
out_BTC_mean,Aggregate_feature_2,0.47453593939384775
out_BTC_mean,Aggregate_feature_39,0.47434163127429
in_BTC_mean,Aggregate_feature_38,0.47408462815932695
in_BTC_median,Aggregate_feature_38,0.47273699993450585
in_BTC_total,Aggregate_feature_39,0.4720401220043009
total_BTC,Aggregate_feature_39,0.4720399646623434
out_BTC_total,Aggregate_feature_39,0.4720399646623434
out_BTC_max,Aggregate_feature_39,0.47201596188440814
in_BTC_max,Aggregate_feature_39,0.4698893986579509
in_BTC_min,Aggregate_feature_38,0.46925881061460734
in_BTC_total,Aggregate_feature_40,0.466867286101397
out_BTC_total,Aggregate_feature_40,0.46686702204541874
total_BTC,Aggregate_feature_40,0.46686702204541874
out_BTC_max,Aggregate_feature_40,0.4662232782275451
in_BTC_mean,Aggregate_feature_39,0.46590060835640396
in_BTC_median,Aggregate_feature_39,0.46507815666514896
in_BTC_min,Aggregate_feature_39,0.4631661401655144
in_BTC_max,Aggregate_feature_40,0.4583810299386135
in_BTC_mean,Aggregate_feature_40,0.45538028842964456
in_BTC_median,Aggregate_feature_40,0.4546945638395914
in_BTC_min,Aggregate_feature_40,0.4529805740763261
out_BTC_median,Aggregate_feature_39,0.4497833536558806
out_BTC_mean,Aggregate_feature_38,0.43115145527343735
out_BTC_median,Aggregate_feature_2,0.4295506296473298
out_BTC_median,Aggregate_feature_38,0.3910049508755855
num_input_addresses,Aggregate_feature_26,0.3201570400953436
num_output_addresses,Aggregate_feature_68,0.3008002469072998
fees,Aggregate_feature_14,0.2771839561957516
out_BTC_min,Aggregate_feature_37,0.26044482048710105
size,Aggregate_feature_26,0.2545192498931271
fees,Aggregate_feature_26,0.24544028789263012
out_BTC_median,Aggregate_feature_37,0.22977897806576286
out_BTC_mean,Aggregate_feature_37,0.2254142243184548
num_input_addresses,Aggregate_feature_21,0.20962610408033755
size,Aggregate_feature_68,0.20207953201508627
in_txs_degree,Aggregate_feature_26,0.19126058976533875
num_input_addresses,Aggregate_feature_14,0.18145730283107256
out_BTC_min,Aggregate_feature_40,0.1780115903905838
in_BTC_total,Aggregate_feature_37,0.17758664804066054
out_BTC_total,Aggregate_feature_37,0.17758595322340284
total_BTC,Aggregate_feature_37,0.17758595322340284
out_BTC_max,Aggregate_feature_37,0.17512823404464803
fees,Aggregate_feature_20,0.1750234292484009
size,Aggregate_feature_21,0.17463327437903764
out_txs_degree,Aggregate_feature_68,0.17419299296745996
fees,Aggregate_feature_15,0.17177832406756052
in_BTC_max,Aggregate_feature_37,0.16243759213253767
fees,Aggregate_feature_50,0.1607927232422082
in_BTC_mean,Aggregate_feature_37,0.15949354615643638
in_BTC_median,Aggregate_feature_37,0.15920557475827657
in_BTC_min,Aggregate_feature_37,0.15837709523490828
in_txs_degree,Aggregate_feature_21,0.15684925145956113
fees,Aggregate_feature_8,0.1545920243830573
fees,Aggregate_feature_44,0.15374785777340497
fees,Aggregate_feature_10,0.15322125355324404
size,Aggregate_feature_14,0.15193546511865355
fees,Aggregate_feature_7,0.14885484323888679
fees,Aggregate_feature_43,0.1410659091703913
num_input_addresses,Aggregate_feature_15,0.14060226669742373
fees,Aggregate_feature_46,0.13913390457801106
num_input_addresses,Aggregate_feature_32,0.13786080432116002
num_input_addresses,Aggregate_feature_27,0.13525213767682054
out_txs_degree,Aggregate_feature_50,0.13410208957102288
out_txs_degree,Aggregate_feature_62,0.12914299889410463
fees,Aggregate_feature_22,0.1257779392285785
fees,Aggregate_feature_68,0.12432655557883002
num_output_addresses,Aggregate_feature_62,0.12281183957803156
fees,Aggregate_feature_21,0.12035143115217085
num_input_addresses,Aggregate_feature_20,0.12026987985981016
num_input_addresses,Aggregate_feature_2,0.11912157732748378
fees,Aggregate_feature_27,0.11896385872974582
fees,Aggregate_feature_58,0.11771968040433488
out_BTC_min,Aggregate_feature_2,0.11537630746004025
size,Aggregate_feature_27,0.11366359351255305
fees,Aggregate_feature_56,0.11199775318220183
in_txs_degree,Aggregate_feature_14,0.11142517841261684
size,Aggregate_feature_15,0.11107990782779534
size,Aggregate_feature_2,0.11064586967880614
fees,Aggregate_feature_16,0.10902837522421648
size,Aggregate_feature_32,0.10784467373503864
out_txs_degree,Aggregate_feature_38,0.10749823288549246
out_BTC_min,Aggregate_feature_38,0.10703929863134927
size,Aggregate_feature_20,0.10273683283953541
in_txs_degree,Aggregate_feature_27,0.10179826453212998
num_output_addresses,Aggregate_feature_50,0.10142184984241892
fees,Aggregate_feature_2,0.10062399024538034
num_output_addresses,Aggregate_feature_44,0.09780187277136809
out_BTC_min,Aggregate_feature_4,0.09327119857649702
fees,Aggregate_feature_51,0.09168048651268983
num_output_addresses,Aggregate_feature_38,0.09066302240339266
fees,Aggregate_feature_52,0.09048263296927711
out_BTC_min,Aggregate_feature_26,0.08883863249181224
num_input_addresses,Aggregate_feature_3,0.0875723291672988
num_input_addresses,Aggregate_feature_33,0.08753979028126219
size,Aggregate_feature_62,0.08664462728725772
out_BTC_min,Aggregate_feature_1,0.08509581742946229
in_txs_degree,Aggregate_feature_2,0.08399658006244555
in_txs_degree,Aggregate_feature_15,0.0822064766407331
size,Aggregate_feature_50,0.08201977815196812
in_txs_degree,Aggregate_feature_20,0.08006371903803765
size,Aggregate_feature_38,0.07809571876477091
out_BTC_min,Aggregate_feature_39,0.0774416690726531
fees,Aggregate_feature_62,0.07489603322173773
in_txs_degree,Aggregate_feature_3,0.07162667463849305
fees,Aggregate_feature_13,0.07108998844185728
num_output_addresses,Aggregate_feature_45,0.07042909899613281
size,Aggregate_feature_3,0.06874421816258311
in_BTC_total,Aggregate_feature_68,0.06702040966097861
total_BTC,Aggregate_feature_68,0.06701741967382066
out_BTC_total,Aggregate_feature_68,0.06701741967382066
fees,Aggregate_feature_55,0.06627976652637818
size,Aggregate_feature_33,0.06499725410680779
out_txs_degree,Aggregate_feature_44,0.06379463585834375
fees,Aggregate_feature_3,0.06335933767549588
out_txs_degree,Aggregate_feature_56,0.06204173823400099
num_input_addresses,Aggregate_feature_34,0.06176698126268178
fees,Aggregate_feature_38,0.061580096259505265
size,Aggregate_feature_44,0.05821441723536805
num_input_addresses,Aggregate_feature_37,0.057052480010359494
out_BTC_min,Aggregate_feature_27,0.05590956246597557
in_BTC_max,Aggregate_feature_68,0.054274789984568805
size,Aggregate_feature_56,0.0542182334861396
size,Aggregate_feature_34,0.05326157018552093
num_input_addresses,Aggregate_feature_9,0.053028194069346446
num_output_addresses,Aggregate_feature_56,0.05267708326552407
out_BTC_max,Aggregate_feature_68,0.051744027228315795
fees,Aggregate_feature_32,0.05058076082638028
out_txs_degree,Aggregate_feature_57,0.050502730887893185
in_txs_degree,Aggregate_feature_32,0.05027065186640032
out_txs_degree,Aggregate_feature_69,0.049829931860967
in_BTC_total,Aggregate_feature_69,0.04938560270968526
out_BTC_total,Aggregate_feature_69,0.049384670111664204
total_BTC,Aggregate_feature_69,0.049384670111664204
out_BTC_min,Aggregate_feature_3,0.04851722319004873
out_txs_degree,Aggregate_feature_4,0.045472516907411324
out_txs_degree,Aggregate_feature_2,0.044811407283095336
out_txs_degree,Aggregate_feature_1,0.04455821414876959
out_txs_degree,Aggregate_feature_26,0.04362091350321006
size,Aggregate_feature_69,0.04326589675516253
out_BTC_min,Aggregate_feature_14,0.04170968953358008
out_txs_degree,Aggregate_feature_28,0.041297070228187086
size,Aggregate_feature_58,0.040912504614199624
size,Aggregate_feature_9,0.040724473378360805
size,Aggregate_feature_37,0.04042997452300943
num_output_addresses,Aggregate_feature_69,0.0400572547775202
fees,Aggregate_feature_69,0.03942887265082673
in_txs_degree,Aggregate_feature_37,0.03910155709716441
in_txs_degree,Aggregate_feature_33,0.03862804508070074
num_output_addresses,Aggregate_feature_1,0.038170461530806096
num_output_addresses,Aggregate_feature_4,0.03792892699450912
in_BTC_max,Aggregate_feature_69,0.03689384335806709
out_BTC_max,Aggregate_feature_69,0.03675468036448517
size,Aggregate_feature_45,0.035911028026016215
num_input_addresses,Aggregate_feature_58,0.03572764044927019
num_input_addresses,Aggregate_feature_55,0.035586213645169375
out_txs_degree,Aggregate_feature_27,0.035319529571803274
out_txs_degree,Aggregate_feature_51,0.03499128249802641
num_output_addresses,Aggregate_feature_2,0.033096143185601994
out_BTC_min,Aggregate_feature_28,0.03307074906308922
in_BTC_max,Aggregate_feature_57,0.032805548958263514
fees,Aggregate_feature_37,0.032591700131315134
out_BTC_max,Aggregate_feature_57,0.032475510668213275
in_BTC_total,Aggregate_feature_3,0.032459784795146295
total_BTC,Aggregate_feature_3,0.03245826009417347
out_BTC_total,Aggregate_feature_3,0.03245826009417347
size,Aggregate_feature_16,0.032292550799078175
in_BTC_mean,Aggregate_feature_57,0.03222792713515789
in_BTC_median,Aggregate_feature_57,0.032206152166583964
num_input_addresses,Aggregate_feature_40,0.03204863778923041
fees,Aggregate_feature_49,0.03202385704044196
out_BTC_total,Aggregate_feature_57,0.031897428991460114
total_BTC,Aggregate_feature_57,0.031897428991460114
in_BTC_total,Aggregate_feature_57,0.03189717629453534
in_BTC_min,Aggregate_feature_57,0.03182757246272793
num_output_addresses,Aggregate_feature_63,0.03177068021694893
out_BTC_min,Aggregate_feature_21,0.0317281821569903
fees,Aggregate_feature_19,0.031688568370215116
fees,Aggregate_feature_70,0.03168231629734356
num_input_addresses,Aggregate_feature_70,0.030701864343097865
out_BTC_min,Aggregate_feature_15,0.03040074435667936
in_txs_degree,Aggregate_feature_70,0.03005632528204356
num_output_addresses,Aggregate_feature_16,0.029403853176388065
out_txs_degree,Aggregate_feature_63,0.02930369213815176
num_output_addresses,Aggregate_feature_13,0.029096526438231754
num_input_addresses,Aggregate_feature_38,0.02886112488115105
out_BTC_max,Aggregate_feature_3,0.028116065138575858
in_txs_degree,Aggregate_feature_38,0.027954069484037374
num_output_addresses,Aggregate_feature_14,0.027562357923658954
fees,Aggregate_feature_65,0.0275425036538833
fees,Aggregate_feature_33,0.027528981598957933
fees,Aggregate_feature_66,0.027396171865851204
out_BTC_mean,Aggregate_feature_57,0.027092792109655404
num_input_addresses,Aggregate_feature_66,0.02704658638066906
num_input_addresses,Aggregate_feature_65,0.026725892649499452
out_BTC_median,Aggregate_feature_57,0.026498341044761484
out_txs_degree,Aggregate_feature_39,0.026275877947946003
in_txs_degree,Aggregate_feature_40,0.025971212079558728
fees,Aggregate_feature_28,0.025784575678483898
out_txs_degree,Aggregate_feature_25,0.02479514159680717
num_output_addresses,Aggregate_feature_64,0.024701098369132767
size,Aggregate_feature_65,0.024561702964068524
size,Aggregate_feature_66,0.024548309884358358
fees,Aggregate_feature_60,0.024535150776049324
in_txs_degree,Aggregate_feature_55,0.02442264936618801
fees,Aggregate_feature_59,0.02425256263476119
num_input_addresses,Aggregate_feature_50,0.02408139724934576
size,Aggregate_feature_70,0.023951951587954167
size,Aggregate_feature_28,0.023783292073788317
num_input_addresses,Aggregate_feature_69,0.02376303946212122
size,Aggregate_feature_12,0.023304434628308564
size,Aggregate_feature_11,0.023280988019287727
num_input_addresses,Aggregate_feature_68,0.023202490329603816
num_input_addresses,Aggregate_feature_11,0.023112866457896765
num_input_addresses,Aggregate_feature_12,0.02308802223567908
in_BTC_mean,Aggregate_feature_68,0.02305296072225957
num_input_addresses,Aggregate_feature_56,0.02240536007447707
in_BTC_max,Aggregate_feature_3,0.02213410781270527
in_txs_degree,Aggregate_feature_58,0.021972921375185885
size,Aggregate_feature_4,0.021833489914623198
in_BTC_median,Aggregate_feature_68,0.02181103903383771
size,Aggregate_feature_40,0.021736677371797634
fees,Aggregate_feature_40,0.021508235345504473
size,Aggregate_feature_22,0.021028442177623875
in_BTC_max,Aggregate_feature_42,0.021006174657132712
out_BTC_max,Aggregate_feature_42,0.02096466918862278
in_BTC_mean,Aggregate_feature_42,0.02086188801103715
in_BTC_min,Aggregate_feature_68,0.020840509329342234
in_BTC_median,Aggregate_feature_42,0.02082941441119811
num_input_addresses,Aggregate_feature_16,0.02074751650073408
in_BTC_min,Aggregate_feature_42,0.020718309374097847
in_BTC_total,Aggregate_feature_42,0.020538152138793026
total_BTC,Aggregate_feature_42,0.02053813429424034
out_BTC_total,Aggregate_feature_42,0.02053813429424034
fees,Aggregate_feature_54,0.02027231343827255
fees,Aggregate_feature_53,0.020032480420295082
out_BTC_max,Aggregate_feature_41,0.019889152250969766
in_BTC_max,Aggregate_feature_41,0.019887081164575073
in_BTC_mean,Aggregate_feature_41,0.019638499439241744
num_output_addresses,Aggregate_feature_26,0.019619621986130244
in_BTC_median,Aggregate_feature_41,0.019604946676753457
in_BTC_min,Aggregate_feature_41,0.019545409469538127
out_BTC_min,Aggregate_feature_32,0.019469151087341693
in_BTC_total,Aggregate_feature_41,0.01943159734191953
out_BTC_total,Aggregate_feature_41,0.01943159688399115
total_BTC,Aggregate_feature_41,0.01943159688399115
num_output_addresses,Aggregate_feature_28,0.019407801721744417
out_BTC_mean,Aggregate_feature_3,0.01939626719042415
fees,Aggregate_feature_63,0.01935828179507778
out_BTC_mean,Aggregate_feature_42,0.019281552674088886
num_input_addresses,Aggregate_feature_22,0.019261816339726533
out_BTC_mean,Aggregate_feature_41,0.019131201484882298
out_BTC_median,Aggregate_feature_41,0.019048486814173784
out_BTC_median,Aggregate_feature_42,0.018976012564968923
size,Aggregate_feature_64,0.018868081013906697
in_txs_degree,Aggregate_feature_69,0.018661521035604547
size,Aggregate_feature_63,0.018614051826681025
out_BTC_min,Aggregate_feature_25,0.01860881012447186
num_output_addresses,Aggregate_feature_31,0.018431291837554268
size,Aggregate_feature_48,0.018337512269377843
num_input_addresses,Aggregate_feature_60,0.018215591454437775
fees,Aggregate_feature_48,0.01821087194643279
num_input_addresses,Aggregate_feature_59,0.018084077350674244
fees,Aggregate_feature_47,0.018067972234450298
fees,Aggregate_feature_34,0.01792165920573553
size,Aggregate_feature_47,0.017876442344242443
size,Aggregate_feature_60,0.017863775705176065
size,Aggregate_feature_59,0.01786203679738868
out_txs_degree,Aggregate_feature_45,0.01776917877407459
out_BTC_min,Aggregate_feature_67,0.01774468633049039
num_input_addresses,Aggregate_feature_48,0.017612388034978287
num_input_addresses,Aggregate_feature_47,0.017433731185600217
fees,Aggregate_feature_39,0.017243751500625727
num_output_addresses,Aggregate_feature_57,0.01712240615149431
num_output_addresses,Aggregate_feature_46,0.016535449033665748
in_BTC_total,Aggregate_feature_27,0.016408752094339528
out_BTC_total,Aggregate_feature_27,0.016405864536665943
total_BTC,Aggregate_feature_27,0.016405864536665943
in_txs_degree,Aggregate_feature_66,0.016367538052866795
out_txs_degree,Aggregate_feature_70,0.01627532575694662
num_output_addresses,Aggregate_feature_25,0.016147172556357864
in_txs_degree,Aggregate_feature_65,0.01606634697130772
size,Aggregate_feature_51,0.01606104672997316
num_output_addresses,Aggregate_feature_20,0.0160553339201721
in_BTC_total,Aggregate_feature_70,0.016024058625826336
out_BTC_total,Aggregate_feature_70,0.016023296096399225
total_BTC,Aggregate_feature_70,0.016023296096399225
out_BTC_median,Aggregate_feature_3,0.01601886223150957
num_input_addresses,Aggregate_feature_67,0.015996387143588392
num_output_addresses,Aggregate_feature_34,0.01594596084248684
in_BTC_total,Aggregate_feature_59,0.015702724777115543
total_BTC,Aggregate_feature_59,0.015702142978082905
out_BTC_total,Aggregate_feature_59,0.015702142978082905
in_BTC_total,Aggregate_feature_60,0.01567687248678564
total_BTC,Aggregate_feature_60,0.01567628379255885
out_BTC_total,Aggregate_feature_60,0.01567628379255885
num_input_addresses,Aggregate_feature_28,0.01562199350694546
out_txs_degree,Aggregate_feature_15,0.01548082273200886
in_BTC_min,Aggregate_feature_59,0.015345694088708065
in_BTC_min,Aggregate_feature_60,0.015316633696640219
out_BTC_max,Aggregate_feature_59,0.015300428649397142
out_BTC_max,Aggregate_feature_60,0.015271002530826023
in_BTC_mean,Aggregate_feature_59,0.015230932818350086
in_BTC_max,Aggregate_feature_59,0.015213818680546767
in_BTC_mean,Aggregate_feature_60,0.015199709707443904
in_BTC_median,Aggregate_feature_59,0.01518504734438546
in_BTC_max,Aggregate_feature_60,0.01518391859200701
in_BTC_median,Aggregate_feature_60,0.015152996115712303
size,Aggregate_feature_54,0.015039034989111275
in_txs_degree,Aggregate_feature_67,0.015018362477302446
num_output_addresses,Aggregate_feature_21,0.015001691128091861
num_input_addresses,Aggregate_feature_54,0.014965569653378183
size,Aggregate_feature_53,0.014927843995645047
num_output_addresses,Aggregate_feature_58,0.014885445844793425
num_input_addresses,Aggregate_feature_53,0.014763318126756093
out_BTC_min,Aggregate_feature_70,0.014751009756827017
num_output_addresses,Aggregate_feature_51,0.014191889669726395
out_txs_degree,Aggregate_feature_47,0.014134338632245343
out_BTC_min,Aggregate_feature_33,0.014087533804163156
out_txs_degree,Aggregate_feature_48,0.014021339975840123
in_txs_degree,Aggregate_feature_50,0.013709950230865037
in_BTC_total,Aggregate_feature_65,0.013551119957907103
out_BTC_total,Aggregate_feature_65,0.013550456854557635
total_BTC,Aggregate_feature_65,0.013550456854557635
num_output_addresses,Aggregate_feature_32,0.013534556139300493
fees,Aggregate_feature_67,0.013298843405751647
in_BTC_total,Aggregate_feature_66,0.013190033002237278
out_BTC_total,Aggregate_feature_66,0.013189373261137716
total_BTC,Aggregate_feature_66,0.013189373261137716
out_BTC_max,Aggregate_feature_65,0.012886255020400299
in_BTC_max,Aggregate_feature_65,0.012884130725367806
num_input_addresses,Aggregate_feature_52,0.012859828480205884
in_txs_degree,Aggregate_feature_39,0.012770802778301489
out_txs_degree,Aggregate_feature_14,0.012681999840507866
out_BTC_mean,Aggregate_feature_59,0.012551405271431377
in_txs_degree,Aggregate_feature_68,0.01254276320342781
out_BTC_mean,Aggregate_feature_60,0.012536668260554301
out_BTC_max,Aggregate_feature_66,0.01251002167067551
in_BTC_max,Aggregate_feature_66,0.012487194523541975
size,Aggregate_feature_39,0.012430794526752633
in_BTC_mean,Aggregate_feature_65,0.012428754445731246
in_BTC_median,Aggregate_feature_65,0.012348368213757305
in_BTC_min,Aggregate_feature_65,0.01234762256731474
fees,Aggregate_feature_9,0.012240497686398349
num_output_addresses,Aggregate_feature_27,0.012203616023262512
out_BTC_min,Aggregate_feature_20,0.012193414163255553
in_BTC_mean,Aggregate_feature_66,0.011965078462807891
in_BTC_min,Aggregate_feature_66,0.011893501835231994
in_BTC_median,Aggregate_feature_66,0.01187666921563291
size,Aggregate_feature_52,0.011815903886387575
in_BTC_total,Aggregate_feature_26,0.011748988552576473
out_BTC_total,Aggregate_feature_26,0.011743018794080764
total_BTC,Aggregate_feature_26,0.011743018794080764
in_txs_degree,Aggregate_feature_60,0.011385662663654159
out_BTC_max,Aggregate_feature_27,0.011221348960256686
in_txs_degree,Aggregate_feature_59,0.0111863395325042
out_BTC_median,Aggregate_feature_59,0.011136697924894514
out_BTC_median,Aggregate_feature_60,0.01112595092344207
in_txs_degree,Aggregate_feature_54,0.011109857815476578
num_input_addresses,Aggregate_feature_62,0.011098184852983532
num_output_addresses,Aggregate_feature_22,0.011075481243537468
num_input_addresses,Aggregate_feature_39,0.011057825939745407
out_BTC_mean,Aggregate_feature_66,0.011013143414292183
out_BTC_mean,Aggregate_feature_65,0.010999771949520268
out_BTC_min,Aggregate_feature_9,0.010930718314507981
out_BTC_min,Aggregate_feature_55,0.010886045071795459
in_BTC_total,Aggregate_feature_50,0.010871160685526137
total_BTC,Aggregate_feature_50,0.010867251545567247
out_BTC_total,Aggregate_feature_50,0.010867251545567247
in_txs_degree,Aggregate_feature_28,0.01083471711964749
in_txs_degree,Aggregate_feature_34,0.01075601466780672
in_txs_degree,Aggregate_feature_53,0.010715991414550907
num_input_addresses,Aggregate_feature_49,0.010661033200282426
num_input_addresses,Aggregate_feature_61,0.010464471808114257
fees,Aggregate_feature_45,0.010428978749546585
in_BTC_max,Aggregate_feature_50,0.010424809070787406
out_BTC_max,Aggregate_feature_70,0.010141400761652168
in_txs_degree,Aggregate_feature_56,0.009922865480068838
size,Aggregate_feature_6,0.009853751607422707
in_txs_degree,Aggregate_feature_29,0.00980550606747338
in_BTC_total,Aggregate_feature_54,0.009781160232675268
in_BTC_total,Aggregate_feature_53,0.009780722480504853
out_BTC_total,Aggregate_feature_54,0.009780672056470827
total_BTC,Aggregate_feature_54,0.009780672056470827
total_BTC,Aggregate_feature_53,0.009780240143816824
out_BTC_total,Aggregate_feature_53,0.009780240143816824
fees,Aggregate_feature_6,0.009772641308747458
in_BTC_max,Aggregate_feature_53,0.009561612494134569
in_BTC_max,Aggregate_feature_54,0.009543614166146982
out_BTC_median,Aggregate_feature_66,0.009536895103419239
out_BTC_median,Aggregate_feature_65,0.009485917620508278
out_BTC_max,Aggregate_feature_53,0.009471980273048075
out_BTC_max,Aggregate_feature_54,0.009434226092940595
fees,Aggregate_feature_64,0.009431365988145538
num_input_addresses,Aggregate_feature_30,0.009372582112429893
num_input_addresses,Aggregate_feature_51,0.009350615530229967
in_BTC_min,Aggregate_feature_53,0.009320722188169577
in_txs_degree,Aggregate_feature_6,0.009318569595830602
in_BTC_mean,Aggregate_feature_53,0.009286512264742204
in_BTC_median,Aggregate_feature_53,0.009219643796935417
num_output_addresses,Aggregate_feature_48,0.009205074975117973
in_BTC_max,Aggregate_feature_70,0.009171287941470378
in_BTC_mean,Aggregate_feature_54,0.009145131314407851
in_BTC_min,Aggregate_feature_54,0.009144107758539029
in_txs_degree,Aggregate_feature_30,0.009107220633277634
size,Aggregate_feature_67,0.009069851001888209
in_BTC_median,Aggregate_feature_54,0.009068629648063539
out_txs_degree,Aggregate_feature_3,0.008995522474984974
size,Aggregate_feature_30,0.008729923682936812
num_output_addresses,Aggregate_feature_65,0.008661323395977423
num_output_addresses,Aggregate_feature_47,0.00862584429258819
out_BTC_min,Aggregate_feature_48,0.008490267317887455
out_BTC_min,Aggregate_feature_47,0.008461914640918087
out_txs_degree,Aggregate_feature_65,0.008248636733126693
num_output_addresses,Aggregate_feature_66,0.008163862795398345
out_txs_degree,Aggregate_feature_66,0.007937443551134302
num_output_addresses,Aggregate_feature_59,0.007922531092562754
out_BTC_min,Aggregate_feature_66,0.007804754095909315
num_output_addresses,Aggregate_feature_60,0.007776601796346495
out_BTC_min,Aggregate_feature_65,0.0077756190808618356
out_BTC_mean,Aggregate_feature_53,0.007687260093204099
size,Aggregate_feature_31,0.007617008397030672
out_BTC_max,Aggregate_feature_50,0.007606064935955504
num_input_addresses,Aggregate_feature_29,0.007541858234059511
num_output_addresses,Aggregate_feature_39,0.007494046790924874
out_BTC_mean,Aggregate_feature_54,0.007448761449793153
out_txs_degree,Aggregate_feature_6,0.007405133829097977
fees,Aggregate_feature_4,0.00739398343253688
size,Aggregate_feature_1,0.00738614474601888
num_output_addresses,Aggregate_feature_15,0.007322400288036215
in_BTC_mean,Aggregate_feature_69,0.007316219874321003
size,Aggregate_feature_29,0.007220574854733552
out_txs_degree,Aggregate_feature_59,0.006897564208482354
out_txs_degree,Aggregate_feature_60,0.006794751150244278
in_BTC_mean,Aggregate_feature_50,0.00673995410408717
in_txs_degree,Aggregate_feature_49,0.006679941354159656
size,Aggregate_feature_23,0.006591460244237184
size,Aggregate_feature_24,0.006569070935693005
out_BTC_max,Aggregate_feature_26,0.006557189366801207
in_BTC_median,Aggregate_feature_50,0.0064815984942822435
in_BTC_max,Aggregate_feature_62,0.006459439431121594
out_BTC_median,Aggregate_feature_53,0.006435453739683352
out_BTC_median,Aggregate_feature_54,0.006348654885028821
out_BTC_min,Aggregate_feature_34,0.006327469394572195
in_BTC_total,Aggregate_feature_62,0.0062719299895445686
total_BTC,Aggregate_feature_62,0.0062701098137148935
out_BTC_total,Aggregate_feature_62,0.0062701098137148935
out_txs_degree,Aggregate_feature_5,0.006215980774416512
size,Aggregate_feature_46,0.006200548863920243
num_input_addresses,Aggregate_feature_6,0.006172385922289671
in_txs_degree,Aggregate_feature_11,0.00611756071847987
in_BTC_median,Aggregate_feature_69,0.00610457186500051
in_txs_degree,Aggregate_feature_22,0.005686963001115465
fees,Aggregate_feature_5,0.005683137954552755
size,Aggregate_feature_5,0.005661925231416777
size,Aggregate_feature_18,0.005384399840698554
out_txs_degree,Aggregate_feature_40,0.0053755666400601915
in_BTC_min,Aggregate_feature_69,0.005336656806863996
num_output_addresses,Aggregate_feature_53,0.005230030231694496
in_BTC_min,Aggregate_feature_50,0.005217919129382156
size,Aggregate_feature_17,0.005157998824438962
in_BTC_total,Aggregate_feature_47,0.0051203104549160305
total_BTC,Aggregate_feature_47,0.005119873360631246
out_BTC_total,Aggregate_feature_47,0.005119873360631246
num_output_addresses,Aggregate_feature_54,0.005114467583074459
fees,Aggregate_feature_25,0.004847114800153944
num_input_addresses,Aggregate_feature_23,0.004841110018936081
num_input_addresses,Aggregate_feature_24,0.0046229276444968055
in_BTC_max,Aggregate_feature_27,0.004562826775332174
num_output_addresses,Aggregate_feature_35,0.00433004376488174
out_txs_degree,Aggregate_feature_54,0.004320510923024669
fees,Aggregate_feature_30,0.004300002002603776
in_txs_degree,Aggregate_feature_5,0.004282232129973796
in_BTC_total,Aggregate_feature_28,0.004263355998014355
out_BTC_total,Aggregate_feature_28,0.004262730533431721
total_BTC,Aggregate_feature_28,0.004262730533431721
out_txs_degree,Aggregate_feature_36,0.004261991990997999
size,Aggregate_feature_13,0.004258392843635495
in_txs_degree,Aggregate_feature_12,0.004238616016424195
out_BTC_min,Aggregate_feature_59,0.004207858260443789
out_BTC_min,Aggregate_feature_60,0.004202980596038965
in_BTC_total,Aggregate_feature_48,0.004160995540585521
total_BTC,Aggregate_feature_48,0.004160554433261802
out_BTC_total,Aggregate_feature_48,0.004160554433261802
out_BTC_max,Aggregate_feature_47,0.0040474026652181526
out_BTC_min,Aggregate_feature_12,0.004046345921578065
in_BTC_max,Aggregate_feature_47,0.004040565256237102
out_txs_degree,Aggregate_feature_35,0.003972106311443436
out_BTC_mean,Aggregate_feature_26,0.003960479204683761
out_txs_degree,Aggregate_feature_18,0.0038058335944461384
num_output_addresses,Aggregate_feature_19,0.003750425901145713
out_txs_degree,Aggregate_feature_53,0.0037112975488603076
out_BTC_max,Aggregate_feature_62,0.0036054035952463345
fees,Aggregate_feature_18,0.0036041283790549062
out_BTC_min,Aggregate_feature_16,0.003587270132409246
out_txs_degree,Aggregate_feature_30,0.003539306178071761
in_BTC_mean,Aggregate_feature_62,0.003461766162981312
out_BTC_min,Aggregate_feature_53,0.00345231571359428
num_output_addresses,Aggregate_feature_52,0.0034180595376194097
out_BTC_min,Aggregate_feature_54,0.0034138802683173915
in_BTC_mean,Aggregate_feature_47,0.0034077418729734415
out_txs_degree,Aggregate_feature_29,0.0034001450051927367
in_BTC_min,Aggregate_feature_47,0.00338302351831705
num_output_addresses,Aggregate_feature_3,0.003360826726123842
out_txs_degree,Aggregate_feature_17,0.0033453985102749333
num_output_addresses,Aggregate_feature_6,0.0033266970153523786
in_BTC_median,Aggregate_feature_47,0.0033222142996724466
in_BTC_median,Aggregate_feature_62,0.0033000388744667437
out_txs_degree,Aggregate_feature_16,0.003279528413156946
num_input_addresses,Aggregate_feature_18,0.003244631659864477
num_output_addresses,Aggregate_feature_36,0.00318048281634207
out_BTC_max,Aggregate_feature_48,0.0030882497143424697
in_BTC_max,Aggregate_feature_48,0.0030476584507365717
num_output_addresses,Aggregate_feature_5,0.0027755556570291866
out_BTC_median,Aggregate_feature_26,0.0027183202767571825
num_output_addresses,Aggregate_feature_17,0.002709019486917231
size,Aggregate_feature_61,0.002705731569151372
fees,Aggregate_feature_23,0.002680570903041356
fees,Aggregate_feature_24,0.0026735974482414277
in_BTC_min,Aggregate_feature_48,0.0026309537824620198
in_BTC_mean,Aggregate_feature_48,0.0026288003893436855
out_txs_degree,Aggregate_feature_24,0.0026226612714460207
out_txs_degree,Aggregate_feature_23,0.0025970707472192734
in_BTC_min,Aggregate_feature_62,0.002563611650516701
in_BTC_median,Aggregate_feature_48,0.0025585399631610634
out_BTC_min,Aggregate_feature_11,0.002547191471950098
num_input_addresses,Aggregate_feature_17,0.0022472555757320125
num_input_addresses,Aggregate_feature_64,0.0022036240575614933
fees,Aggregate_feature_29,0.002182935214501054
num_input_addresses,Aggregate_feature_5,0.002121054116289377
out_BTC_mean,Aggregate_feature_69,0.002120249259015414
num_output_addresses,Aggregate_feature_18,0.0019029376823051127
in_txs_degree,Aggregate_feature_24,0.0018517374001701475
in_txs_degree,Aggregate_feature_23,0.001819818311156323
out_BTC_min,Aggregate_feature_49,0.0017971168373463059
in_BTC_total,Aggregate_feature_5,0.001795182874944126
total_BTC,Aggregate_feature_5,0.001795045493073329
out_BTC_total,Aggregate_feature_5,0.001795045493073329
num_output_addresses,Aggregate_feature_33,0.0017786129049539641
num_output_addresses,Aggregate_feature_70,0.0015511520013543586
num_output_addresses,Aggregate_feature_23,0.0014789067619413322
out_BTC_max,Aggregate_feature_5,0.0014701411755956002
in_BTC_total,Aggregate_feature_6,0.0014568684451634355
out_BTC_total,Aggregate_feature_6,0.001456631298696933
total_BTC,Aggregate_feature_6,0.001456631298696933
out_BTC_mean,Aggregate_feature_35,0.0014368331829738956
in_BTC_max,Aggregate_feature_5,0.00142577903471501
out_BTC_min,Aggregate_feature_68,0.0014037187792200535
num_output_addresses,Aggregate_feature_24,0.0013424042371785862
in_txs_degree,Aggregate_feature_18,0.0013337541649880952
fees,Aggregate_feature_17,0.0012922834680239674
in_txs_degree,Aggregate_feature_62,0.0012739696489491965
size,Aggregate_feature_49,0.001222415082743458
fees,Aggregate_feature_42,0.0012019699869245538
out_BTC_min,Aggregate_feature_69,0.0011948760570456283
out_BTC_mean,Aggregate_feature_47,0.0011765315315288136
in_txs_degree,Aggregate_feature_47,0.0011551310876467627
in_BTC_max,Aggregate_feature_6,0.0011434086083520502
out_BTC_mean,Aggregate_feature_36,0.0011265447054511239
num_output_addresses,Aggregate_feature_30,0.0011127382430348395
out_BTC_max,Aggregate_feature_6,0.0011096170649352345
out_BTC_median,Aggregate_feature_35,0.0011000408064561202
fees,Aggregate_feature_31,0.0010347302269256898
in_txs_degree,Aggregate_feature_42,0.0010314176656103635
out_BTC_max,Aggregate_feature_24,0.0010278142855366056
num_output_addresses,Aggregate_feature_9,0.0010187795782155109
num_output_addresses,Aggregate_feature_43,0.0010097993113882642
num_output_addresses,Aggregate_feature_10,0.0009924335089422597
num_output_addresses,Aggregate_feature_8,0.000986609924187908
in_txs_degree,Aggregate_feature_48,0.0009834995352914126
out_BTC_mean,Aggregate_feature_48,0.000929014953334773
in_BTC_max,Aggregate_feature_24,0.0009101800963587025
out_BTC_max,Aggregate_feature_23,0.0009002512902275909
out_txs_degree,Aggregate_feature_21,0.0008600275040046453
in_BTC_max,Aggregate_feature_23,0.000817401570930235
in_BTC_total,Aggregate_feature_24,0.0007998266544351183
out_BTC_total,Aggregate_feature_24,0.0007997619991114387
total_BTC,Aggregate_feature_24,0.0007997619991114387
in_txs_degree,Aggregate_feature_16,0.0007895186065776104
num_output_addresses,Aggregate_feature_7,0.0007847611773055511
size,Aggregate_feature_55,0.0007691829870839692
in_txs_degree,Aggregate_feature_41,0.0007194375109655239
in_BTC_max,Aggregate_feature_36,0.0007136262841398508
num_output_addresses,Aggregate_feature_29,0.0007067917696666412
out_BTC_max,Aggregate_feature_18,0.0007067465858539272
out_BTC_median,Aggregate_feature_36,0.0006981319910155316
in_BTC_max,Aggregate_feature_35,0.0006772128683634633
in_BTC_total,Aggregate_feature_23,0.0006702018133809381
out_BTC_total,Aggregate_feature_23,0.0006701369161662568
total_BTC,Aggregate_feature_23,0.0006701369161662568
size,Aggregate_feature_25,0.0006598872589508282
out_BTC_max,Aggregate_feature_17,0.000652206390951971
total_BTC,Aggregate_feature_36,0.0006014029816193981
out_BTC_total,Aggregate_feature_36,0.0006014029816193981
in_BTC_total,Aggregate_feature_36,0.000601400832770084
out_BTC_mean,Aggregate_feature_68,0.0005831607593716051
out_BTC_min,Aggregate_feature_35,0.0005742423564509769
out_BTC_min,Aggregate_feature_5,0.0005688704382489017
in_BTC_max,Aggregate_feature_17,0.0005555799292393575
in_BTC_max,Aggregate_feature_18,0.000541152045084444
num_input_addresses,Aggregate_feature_4,0.0005357197575281928
in_BTC_total,Aggregate_feature_18,0.0005286942610277966
total_BTC,Aggregate_feature_18,0.0005286067971578554
out_BTC_total,Aggregate_feature_18,0.0005286067971578554
total_BTC,Aggregate_feature_35,0.0005183040820733859
out_BTC_total,Aggregate_feature_35,0.0005183040820733859
in_BTC_total,Aggregate_feature_35,0.0005182657809134429
in_BTC_min,Aggregate_feature_35,0.0004955398702527191
fees,Aggregate_feature_41,0.00046264411668153646
out_BTC_min,Aggregate_feature_6,0.00041164549634197585
in_BTC_total,Aggregate_feature_17,0.0003878807414545354
out_BTC_total,Aggregate_feature_17,0.00038784949101479795
total_BTC,Aggregate_feature_17,0.00038784949101479795
in_txs_degree,Aggregate_feature_61,0.00037757420615348994
in_BTC_min,Aggregate_feature_36,0.00037703523432274275
out_BTC_median,Aggregate_feature_67,0.00034583559616902746
in_BTC_median,Aggregate_feature_35,0.00030616358443859596
in_BTC_mean,Aggregate_feature_35,0.0003058355312751021
in_BTC_mean,Aggregate_feature_36,0.0002312623816013142
out_BTC_max,Aggregate_feature_36,0.00020001399610884124
out_txs_degree,Aggregate_feature_42,0.00019695485735605984
in_BTC_median,Aggregate_feature_36,0.00019262160164064632
out_BTC_max,Aggregate_feature_35,0.00017058631940560664
out_txs_degree,Aggregate_feature_71,0.00016134769664802648
out_BTC_min,Aggregate_feature_36,6.332138420418236e-05
out_BTC_min,Aggregate_feature_43,-5.1898279927471885e-05
out_BTC_mean,Aggregate_feature_67,-6.278735872712137e-05
fees,Aggregate_feature_36,-7.451445558329236e-05
in_BTC_mean,Aggregate_feature_17,-0.00012894353240255522
out_BTC_max,Aggregate_feature_28,-0.0001512053882788589
out_txs_degree,Aggregate_feature_41,-0.00016362986112048412
out_BTC_min,Aggregate_feature_8,-0.00017554439214763966
in_BTC_median,Aggregate_feature_17,-0.0001780169582782101
in_BTC_mean,Aggregate_feature_18,-0.00021307103011090016
out_BTC_median,Aggregate_feature_47,-0.00021686966019536952
out_BTC_median,Aggregate_feature_48,-0.00025888122364154726
in_BTC_mean,Aggregate_feature_24,-0.0002599429017700594
in_BTC_median,Aggregate_feature_18,-0.0002671567511801532
in_BTC_mean,Aggregate_feature_23,-0.00031529978462199656
out_txs_degree,Aggregate_feature_13,-0.00039373053305612746
in_BTC_median,Aggregate_feature_24,-0.00039395096326619446
in_txs_degree,Aggregate_feature_17,-0.00040628768429689017
in_BTC_median,Aggregate_feature_23,-0.0004368122787036937
out_BTC_mean,Aggregate_feature_24,-0.0005839771313978609
out_BTC_min,Aggregate_feature_10,-0.0006001717003114273
out_BTC_mean,Aggregate_feature_23,-0.0006730509529174518
in_BTC_max,Aggregate_feature_28,-0.0006814796531359181
in_BTC_min,Aggregate_feature_17,-0.000759341924956864
out_txs_degree,Aggregate_feature_72,-0.0007868790416792977
in_BTC_min,Aggregate_feature_18,-0.0008546497708689795
out_BTC_median,Aggregate_feature_24,-0.0009176551539473563
out_BTC_mean,Aggregate_feature_70,-0.0009259944051902997
out_BTC_mean,Aggregate_feature_27,-0.0009318664181003574
out_BTC_median,Aggregate_feature_23,-0.0010014086834981158
in_BTC_min,Aggregate_feature_24,-0.0010109082325215296
in_BTC_mean,Aggregate_feature_5,-0.0010171513914234494
out_BTC_mean,Aggregate_feature_18,-0.0010390296436387962
in_BTC_min,Aggregate_feature_23,-0.0010404192550669967
out_BTC_mean,Aggregate_feature_17,-0.001119342255530585
in_txs_degree,Aggregate_feature_4,-0.001207043937472266
in_txs_degree,Aggregate_feature_52,-0.0012131642551394275
size,Aggregate_feature_36,-0.0012753867752711597
out_BTC_median,Aggregate_feature_18,-0.0013830325131272854
in_BTC_median,Aggregate_feature_5,-0.0014135304650661421
num_output_addresses,Aggregate_feature_41,-0.0014308711304428826
out_BTC_median,Aggregate_feature_17,-0.0014320271005374154
size,Aggregate_feature_43,-0.0014560300393656324
fees,Aggregate_feature_35,-0.0015611520896168338
in_BTC_max,Aggregate_feature_26,-0.0016248322999128956
in_BTC_mean,Aggregate_feature_6,-0.0017078084201572214
out_BTC_min,Aggregate_feature_24,-0.0017435626681380934
out_BTC_min,Aggregate_feature_23,-0.0017832487608841555
fees,Aggregate_feature_11,-0.0018440905932677937
num_input_addresses,Aggregate_feature_43,-0.0018708532882720072
out_BTC_min,Aggregate_feature_41,-0.0019591905136595116
out_BTC_min,Aggregate_feature_42,-0.0019692332912645888
out_BTC_min,Aggregate_feature_58,-0.001977125232791137
size,Aggregate_feature_8,-0.001987279690260136
out_BTC_min,Aggregate_feature_7,-0.002055297071608956
out_BTC_mean,Aggregate_feature_5,-0.002067890374249068
num_input_addresses,Aggregate_feature_63,-0.002093633291228627
in_BTC_median,Aggregate_feature_6,-0.00212432359842965
out_txs_degree,Aggregate_feature_20,-0.0021745986010729707
fees,Aggregate_feature_1,-0.0022158119666728635
num_input_addresses,Aggregate_feature_8,-0.002302451663100482
num_input_addresses,Aggregate_feature_44,-0.002303524648029321
in_BTC_min,Aggregate_feature_5,-0.0023582533057683506
num_output_addresses,Aggregate_feature_42,-0.00236192012067205
size,Aggregate_feature_35,-0.0023671213772110313
in_BTC_min,Aggregate_feature_25,-0.002391396236368773
in_BTC_median,Aggregate_feature_25,-0.002392293245022765
in_BTC_mean,Aggregate_feature_25,-0.002426441568700437
in_BTC_total,Aggregate_feature_25,-0.0025366686712765332
out_BTC_total,Aggregate_feature_25,-0.0025367881058025172
total_BTC,Aggregate_feature_25,-0.0025367881058025172
in_BTC_max,Aggregate_feature_63,-0.002605053954194434
out_BTC_mean,Aggregate_feature_6,-0.0026575251212895036
out_BTC_median,Aggregate_feature_27,-0.0027192652145407743
in_BTC_max,Aggregate_feature_25,-0.0027543682472158148
num_output_addresses,Aggregate_feature_12,-0.0027711297272140015
in_BTC_mean,Aggregate_feature_70,-0.0027838511932922584
num_input_addresses,Aggregate_feature_31,-0.0028078444923719643
out_BTC_min,Aggregate_feature_22,-0.002852243237862504
out_BTC_median,Aggregate_feature_5,-0.002863091823959918
in_BTC_min,Aggregate_feature_63,-0.0030002238532560424
in_BTC_median,Aggregate_feature_63,-0.0030614764026532905
in_BTC_min,Aggregate_feature_6,-0.003063381348912113
out_BTC_min,Aggregate_feature_46,-0.003073337605078859
in_BTC_mean,Aggregate_feature_63,-0.0030744499352724133
in_BTC_total,Aggregate_feature_67,-0.0031095325272467774
out_BTC_total,Aggregate_feature_67,-0.003109858073834209
total_BTC,Aggregate_feature_67,-0.003109858073834209
in_txs_degree,Aggregate_feature_51,-0.003128117567490422
out_BTC_max,Aggregate_feature_67,-0.003140643025514919
out_BTC_min,Aggregate_feature_13,-0.0031536611316006877
num_output_addresses,Aggregate_feature_11,-0.0032180548889760496
in_txs_degree,Aggregate_feature_7,-0.003304550782018361
in_BTC_median,Aggregate_feature_70,-0.0033394062586559804
out_BTC_max,Aggregate_feature_29,-0.0034022506503286316
in_BTC_max,Aggregate_feature_29,-0.0034518787929043167
in_BTC_total,Aggregate_feature_63,-0.003459111141269091
total_BTC,Aggregate_feature_63,-0.003459584425205025
out_BTC_total,Aggregate_feature_63,-0.003459584425205025
out_BTC_max,Aggregate_feature_63,-0.003459756656697407
out_BTC_median,Aggregate_feature_6,-0.0034915844736852176
num_output_addresses,Aggregate_feature_40,-0.0035294319734637735
out_BTC_max,Aggregate_feature_30,-0.003543832172934544
in_BTC_max,Aggregate_feature_30,-0.0035894199051432164
num_output_addresses,Aggregate_feature_71,-0.0036376530763400717
in_BTC_min,Aggregate_feature_70,-0.003723548385799405
out_BTC_min,Aggregate_feature_18,-0.003762655982370621
in_BTC_total,Aggregate_feature_29,-0.003778460859836783
out_BTC_total,Aggregate_feature_29,-0.003778516114161722
total_BTC,Aggregate_feature_29,-0.003778516114161722
in_BTC_max,Aggregate_feature_51,-0.003828555159977454
num_output_addresses,Aggregate_feature_72,-0.0038509004058704123
in_BTC_total,Aggregate_feature_30,-0.0038990158608621277
total_BTC,Aggregate_feature_30,-0.003899122731274655
out_BTC_total,Aggregate_feature_30,-0.003899122731274655
in_txs_degree,Aggregate_feature_71,-0.0039177823473221995
in_BTC_max,Aggregate_feature_67,-0.003934793095557857
num_input_addresses,Aggregate_feature_46,-0.004060251644759527
out_txs_degree,Aggregate_feature_12,-0.004093888835960442
in_BTC_median,Aggregate_feature_71,-0.004102288104117447
in_BTC_total,Aggregate_feature_51,-0.004112376882463381
total_BTC,Aggregate_feature_51,-0.0041146115229054375
out_BTC_total,Aggregate_feature_51,-0.0041146115229054375
in_BTC_mean,Aggregate_feature_71,-0.004127388732052657
in_BTC_min,Aggregate_feature_71,-0.00412771675432346
in_BTC_max,Aggregate_feature_71,-0.004163823171681609
in_BTC_mean,Aggregate_feature_29,-0.00419835090380673
in_BTC_median,Aggregate_feature_29,-0.004234085947132937
in_BTC_mean,Aggregate_feature_67,-0.004235386063654887
out_txs_degree,Aggregate_feature_11,-0.004247903056485708
in_BTC_min,Aggregate_feature_67,-0.004253944526509933
in_BTC_median,Aggregate_feature_67,-0.004256580469895702
in_BTC_max,Aggregate_feature_72,-0.004291708595193094
in_BTC_median,Aggregate_feature_72,-0.004293310838270904
out_txs_degree,Aggregate_feature_22,-0.004308911640002836
in_BTC_mean,Aggregate_feature_72,-0.004326135005293215
in_BTC_min,Aggregate_feature_72,-0.004345894264422015
out_BTC_min,Aggregate_feature_31,-0.004349017391426909
out_BTC_max,Aggregate_feature_71,-0.004378985789846198
size,Aggregate_feature_10,-0.0044431944354860545
in_BTC_mean,Aggregate_feature_30,-0.0044636891783708995
fees,Aggregate_feature_12,-0.004483989523047993
in_BTC_median,Aggregate_feature_30,-0.0044952939575683675
out_BTC_min,Aggregate_feature_61,-0.004500000001375338
in_txs_degree,Aggregate_feature_10,-0.004507366060376352
out_BTC_max,Aggregate_feature_72,-0.004513766172233619
total_BTC,Aggregate_feature_71,-0.004540159091631434
out_BTC_total,Aggregate_feature_71,-0.004540159091631434
in_BTC_total,Aggregate_feature_71,-0.004540368604894165
in_BTC_min,Aggregate_feature_29,-0.0045845308412216755
out_BTC_max,Aggregate_feature_25,-0.004594391012512601
in_txs_degree,Aggregate_feature_72,-0.004600941778767876
total_BTC,Aggregate_feature_72,-0.004649014900951228
out_BTC_total,Aggregate_feature_72,-0.004649014900951228
in_BTC_total,Aggregate_feature_72,-0.004649216060104366
num_output_addresses,Aggregate_feature_67,-0.004652378373351707
out_BTC_max,Aggregate_feature_51,-0.0047288866973496406
size,Aggregate_feature_41,-0.004755335049361309
in_BTC_min,Aggregate_feature_30,-0.004855036359399701
out_txs_degree,Aggregate_feature_9,-0.0049453582825646734
out_BTC_min,Aggregate_feature_17,-0.0049570158024205505
in_BTC_mean,Aggregate_feature_51,-0.004964163474530925
in_BTC_median,Aggregate_feature_51,-0.00504678835392926
num_input_addresses,Aggregate_feature_36,-0.005053473728739703
out_BTC_median,Aggregate_feature_70,-0.005082329687745592
out_BTC_mean,Aggregate_feature_28,-0.005146658647329734
size,Aggregate_feature_42,-0.005160672507669412
in_BTC_total,Aggregate_feature_15,-0.0051713153372982485
out_BTC_total,Aggregate_feature_15,-0.0051755008908813335
total_BTC,Aggregate_feature_15,-0.0051755008908813335
out_BTC_mean,Aggregate_feature_25,-0.005179920174403429
in_BTC_mean,Aggregate_feature_28,-0.005219892756869148
in_BTC_min,Aggregate_feature_51,-0.005322102769162602
in_txs_degree,Aggregate_feature_8,-0.005326004958204154
in_BTC_median,Aggregate_feature_28,-0.005393072201285606
num_input_addresses,Aggregate_feature_10,-0.00553483634611271
out_BTC_median,Aggregate_feature_25,-0.005555363429182851
in_BTC_total,Aggregate_feature_33,-0.005769731898793329
total_BTC,Aggregate_feature_33,-0.00577040541841812
out_BTC_total,Aggregate_feature_33,-0.00577040541841812
out_BTC_mean,Aggregate_feature_29,-0.005877331592791421
num_input_addresses,Aggregate_feature_42,-0.005884725308729425
fees,Aggregate_feature_61,-0.005988670733025885
in_txs_degree,Aggregate_feature_43,-0.005996750429426841
out_BTC_median,Aggregate_feature_29,-0.006051089439694883
out_BTC_median,Aggregate_feature_28,-0.0061122175923213435
num_input_addresses,Aggregate_feature_41,-0.006129859366160129
out_BTC_mean,Aggregate_feature_30,-0.006151058952374172
num_output_addresses,Aggregate_feature_37,-0.006258131677171087
out_BTC_median,Aggregate_feature_30,-0.006368270155599497
out_BTC_max,Aggregate_feature_33,-0.006439610294504449
out_BTC_median,Aggregate_feature_72,-0.006481458689252317
out_BTC_min,Aggregate_feature_30,-0.00660611378639023
out_BTC_mean,Aggregate_feature_72,-0.0066163151610959875
out_BTC_median,Aggregate_feature_71,-0.00662472660706583
out_BTC_mean,Aggregate_feature_33,-0.00666490694126758
out_BTC_mean,Aggregate_feature_71,-0.006733733305691104
out_txs_degree,Aggregate_feature_52,-0.006744688902268467
out_BTC_median,Aggregate_feature_33,-0.006832564541250332
in_txs_degree,Aggregate_feature_44,-0.006886739170734734
out_BTC_min,Aggregate_feature_29,-0.007152428901865954
num_input_addresses,Aggregate_feature_35,-0.007228132515137049
out_BTC_max,Aggregate_feature_15,-0.007272696793809014
out_BTC_min,Aggregate_feature_72,-0.007521687934047163
out_BTC_min,Aggregate_feature_71,-0.0075906876698552585
in_BTC_mean,Aggregate_feature_3,-0.0076166420934855325
out_BTC_min,Aggregate_feature_44,-0.007686891485673687
out_BTC_median,Aggregate_feature_69,-0.0077736323418850775
in_BTC_max,Aggregate_feature_33,-0.007799242310378323
in_txs_degree,Aggregate_feature_31,-0.00796182956497565
in_txs_degree,Aggregate_feature_46,-0.008128513634992491
fees,Aggregate_feature_72,-0.008367595303006797
in_txs_degree,Aggregate_feature_63,-0.008433047439990215
size,Aggregate_feature_71,-0.008443330955610744
fees,Aggregate_feature_71,-0.00870820392802524
in_txs_degree,Aggregate_feature_45,-0.008715853722765801
size,Aggregate_feature_72,-0.00872138999037004
in_BTC_min,Aggregate_feature_28,-0.009089766026776625
size,Aggregate_feature_57,-0.009311859265683108
out_BTC_median,Aggregate_feature_68,-0.009320152698175007
num_input_addresses,Aggregate_feature_45,-0.0093595067745083
in_BTC_total,Aggregate_feature_14,-0.009428559940113596
out_BTC_total,Aggregate_feature_14,-0.009435314412041014
total_BTC,Aggregate_feature_14,-0.009435314412041014
num_output_addresses,Aggregate_feature_49,-0.009444438279913503
in_txs_degree,Aggregate_feature_36,-0.009530152419546599
fees,Aggregate_feature_57,-0.009649442532432976
out_txs_degree,Aggregate_feature_58,-0.009661239528119973
out_txs_degree,Aggregate_feature_19,-0.009718790748824835
in_BTC_min,Aggregate_feature_13,-0.010044824842162313
out_txs_degree,Aggregate_feature_43,-0.010064933632767732
in_BTC_median,Aggregate_feature_13,-0.01012119961279255
in_txs_degree,Aggregate_feature_64,-0.01018594075569414
in_BTC_mean,Aggregate_feature_13,-0.010193637495602419
in_BTC_median,Aggregate_feature_3,-0.010198062767076133
in_BTC_mean,Aggregate_feature_27,-0.010303715022747496
num_input_addresses,Aggregate_feature_71,-0.010367567904257946
in_BTC_max,Aggregate_feature_15,-0.01039670332928341
out_BTC_median,Aggregate_feature_9,-0.010486545424817553
num_input_addresses,Aggregate_feature_72,-0.010581714144006037
num_input_addresses,Aggregate_feature_25,-0.010677186020561653
in_BTC_max,Aggregate_feature_13,-0.01069465559250938
size,Aggregate_feature_7,-0.010699426690974519
out_BTC_mean,Aggregate_feature_9,-0.010759358660182669
out_txs_degree,Aggregate_feature_46,-0.01081471272898966
in_BTC_median,Aggregate_feature_27,-0.010867264799201104
in_BTC_total,Aggregate_feature_13,-0.011162181165666554
out_BTC_total,Aggregate_feature_13,-0.011163918363262425
total_BTC,Aggregate_feature_13,-0.011163918363262425
in_txs_degree,Aggregate_feature_35,-0.01122339377159892
out_BTC_min,Aggregate_feature_52,-0.01134174682526534
in_BTC_total,Aggregate_feature_9,-0.011417741078221117
total_BTC,Aggregate_feature_9,-0.011418045475570167
out_BTC_total,Aggregate_feature_9,-0.011418045475570167
out_BTC_max,Aggregate_feature_9,-0.011528420433502733
out_txs_degree,Aggregate_feature_33,-0.01154789338384895
in_BTC_total,Aggregate_feature_32,-0.011618606425787239
out_BTC_total,Aggregate_feature_32,-0.011619844492425311
total_BTC,Aggregate_feature_32,-0.011619844492425311
out_BTC_max,Aggregate_feature_14,-0.01167186389567254
in_txs_degree,Aggregate_feature_25,-0.01174060819300921
num_output_addresses,Aggregate_feature_61,-0.0118605642984497
out_BTC_max,Aggregate_feature_13,-0.011894168243507188
out_BTC_mean,Aggregate_feature_15,-0.0121514058319932
out_BTC_max,Aggregate_feature_32,-0.012220172344373965
in_BTC_total,Aggregate_feature_16,-0.012334039671160806
total_BTC,Aggregate_feature_16,-0.012336701292677818
out_BTC_total,Aggregate_feature_16,-0.012336701292677818
in_BTC_min,Aggregate_feature_31,-0.012440163873977365
in_BTC_median,Aggregate_feature_31,-0.01257801267978172
out_txs_degree,Aggregate_feature_67,-0.012599895856025356
in_BTC_mean,Aggregate_feature_31,-0.012626183533459264
in_BTC_max,Aggregate_feature_9,-0.012678837199278807
out_BTC_median,Aggregate_feature_15,-0.012854860616841855
in_BTC_max,Aggregate_feature_31,-0.012947552549276386
out_BTC_min,Aggregate_feature_56,-0.012951956510055915
in_BTC_total,Aggregate_feature_34,-0.012973436168163195
out_BTC_total,Aggregate_feature_34,-0.012973879762889946
total_BTC,Aggregate_feature_34,-0.012973879762889946
out_BTC_mean,Aggregate_feature_32,-0.013050587168188904
out_BTC_median,Aggregate_feature_32,-0.013064017613961537
in_BTC_max,Aggregate_feature_16,-0.013179812074379044
in_BTC_mean,Aggregate_feature_9,-0.013230646887462795
in_BTC_total,Aggregate_feature_31,-0.013239335125319968
out_BTC_total,Aggregate_feature_31,-0.013239367683467668
total_BTC,Aggregate_feature_31,-0.013239367683467668
out_BTC_max,Aggregate_feature_31,-0.013257615016929
in_BTC_median,Aggregate_feature_9,-0.01326916167372761
in_BTC_mean,Aggregate_feature_26,-0.013391489115544494
out_BTC_max,Aggregate_feature_34,-0.0134008286424513
in_BTC_min,Aggregate_feature_9,-0.013422300562339076
in_txs_degree,Aggregate_feature_1,-0.013444273719680351
out_txs_degree,Aggregate_feature_7,-0.0134590923359452
out_BTC_max,Aggregate_feature_16,-0.013627358765988164
out_BTC_median,Aggregate_feature_11,-0.01364917174836972
out_BTC_median,Aggregate_feature_12,-0.01372429445026108
num_input_addresses,Aggregate_feature_7,-0.013754661651704433
out_txs_degree,Aggregate_feature_10,-0.013769896932583042
in_BTC_max,Aggregate_feature_34,-0.013838384676863116
in_BTC_median,Aggregate_feature_26,-0.013859901042112129
out_BTC_mean,Aggregate_feature_11,-0.013931605531648857
out_BTC_mean,Aggregate_feature_12,-0.014039893055127688
out_txs_degree,Aggregate_feature_8,-0.014120078913578285
in_BTC_mean,Aggregate_feature_33,-0.014256585285493418
in_BTC_median,Aggregate_feature_33,-0.014543335839308872
in_BTC_mean,Aggregate_feature_16,-0.014626568169441577
in_BTC_min,Aggregate_feature_11,-0.014635558248458278
in_BTC_median,Aggregate_feature_16,-0.014763147913001966
in_BTC_max,Aggregate_feature_32,-0.014784231862699842
in_BTC_min,Aggregate_feature_12,-0.014907910130775491
in_BTC_max,Aggregate_feature_14,-0.015075164340352882
out_BTC_min,Aggregate_feature_45,-0.015085000257547231
in_BTC_max,Aggregate_feature_11,-0.015125282611909416
total_BTC,Aggregate_feature_11,-0.015269395468214287
out_BTC_total,Aggregate_feature_11,-0.015269395468214287
in_BTC_total,Aggregate_feature_11,-0.01526943187820067
out_BTC_max,Aggregate_feature_11,-0.015273406411309823
out_BTC_median,Aggregate_feature_31,-0.01531743546436444
out_BTC_min,Aggregate_feature_50,-0.015317546508604932
in_txs_degree,Aggregate_feature_9,-0.015331052083873439
out_txs_degree,Aggregate_feature_37,-0.015436291851183516
out_BTC_min,Aggregate_feature_51,-0.015468910538866539
in_BTC_max,Aggregate_feature_12,-0.015493969900341797
in_BTC_mean,Aggregate_feature_11,-0.015501251942067031
in_BTC_min,Aggregate_feature_16,-0.015504377033150623
out_BTC_mean,Aggregate_feature_31,-0.015578917541669922
out_BTC_max,Aggregate_feature_12,-0.015593035336476678
num_input_addresses,Aggregate_feature_13,-0.015600660229651177
total_BTC,Aggregate_feature_12,-0.015607591289742491
out_BTC_total,Aggregate_feature_12,-0.015607591289742491
in_BTC_total,Aggregate_feature_12,-0.015607691791224076
in_BTC_median,Aggregate_feature_11,-0.015662829925710754
in_BTC_mean,Aggregate_feature_12,-0.01578019792017365
out_txs_degree,Aggregate_feature_31,-0.01589166451262005
in_BTC_median,Aggregate_feature_12,-0.015945890029176072
in_BTC_min,Aggregate_feature_33,-0.01602133214886735
out_BTC_mean,Aggregate_feature_34,-0.016087600898304535
out_BTC_median,Aggregate_feature_34,-0.016216009138364615
out_BTC_mean,Aggregate_feature_14,-0.016535259046554663
in_txs_degree,Aggregate_feature_13,-0.01659283450513469
out_BTC_median,Aggregate_feature_14,-0.017062339745683188
out_BTC_mean,Aggregate_feature_63,-0.017355322923149726
in_BTC_min,Aggregate_feature_3,-0.01759514140445991
in_BTC_mean,Aggregate_feature_15,-0.017744401305194574
out_BTC_mean,Aggregate_feature_13,-0.017765923790325988
in_BTC_mean,Aggregate_feature_34,-0.017856349840043306
out_BTC_median,Aggregate_feature_13,-0.017861337157780512
in_BTC_median,Aggregate_feature_34,-0.01799888963300183
out_txs_degree,Aggregate_feature_32,-0.018045506418737423
in_BTC_max,Aggregate_feature_45,-0.018299215822173785
in_BTC_median,Aggregate_feature_15,-0.0183391986712023
out_BTC_mean,Aggregate_feature_51,-0.018495771217300082
in_BTC_min,Aggregate_feature_26,-0.01849984345428231
in_BTC_min,Aggregate_feature_34,-0.0185283615679554
in_BTC_total,Aggregate_feature_45,-0.018901784903255642
total_BTC,Aggregate_feature_45,-0.018902049353775895
out_BTC_total,Aggregate_feature_45,-0.018902049353775895
in_BTC_min,Aggregate_feature_45,-0.018987038836138642
in_BTC_mean,Aggregate_feature_45,-0.019018840616283485
in_BTC_median,Aggregate_feature_45,-0.019061093766165525
num_input_addresses,Aggregate_feature_1,-0.019067765117072217
out_BTC_max,Aggregate_feature_45,-0.019111571993012475
out_BTC_median,Aggregate_feature_63,-0.019229912148735553
out_txs_degree,Aggregate_feature_34,-0.019269832403602995
out_txs_degree,Aggregate_feature_64,-0.019272346561533742
in_BTC_max,Aggregate_feature_44,-0.019433672123415943
in_BTC_total,Aggregate_feature_44,-0.0197585286650062
total_BTC,Aggregate_feature_44,-0.019762283302680483
out_BTC_total,Aggregate_feature_44,-0.019762283302680483
in_BTC_max,Aggregate_feature_52,-0.020193873098894363
out_BTC_median,Aggregate_feature_51,-0.020500455413158328
in_BTC_total,Aggregate_feature_52,-0.020500522046390024
out_BTC_total,Aggregate_feature_52,-0.020502736634434787
total_BTC,Aggregate_feature_52,-0.020502736634434787
out_BTC_max,Aggregate_feature_52,-0.02063433486715692
in_BTC_min,Aggregate_feature_27,-0.02069380007598348
out_BTC_mean,Aggregate_feature_16,-0.0207074046400156
in_BTC_mean,Aggregate_feature_14,-0.020770041618211423
in_BTC_mean,Aggregate_feature_32,-0.020812221313019075
in_BTC_mean,Aggregate_feature_52,-0.020877934653076042
in_BTC_median,Aggregate_feature_52,-0.020912454334819558
in_BTC_min,Aggregate_feature_52,-0.02091892575322505
out_BTC_median,Aggregate_feature_16,-0.021000882951707153
out_BTC_min,Aggregate_feature_57,-0.02107706221776935
in_BTC_median,Aggregate_feature_32,-0.02107778411430788
in_BTC_median,Aggregate_feature_14,-0.02113035635378958
out_BTC_max,Aggregate_feature_44,-0.02133124083771524
in_BTC_min,Aggregate_feature_15,-0.02136988562718653
in_BTC_mean,Aggregate_feature_44,-0.02146805636155754
in_BTC_median,Aggregate_feature_44,-0.021577336384896065
in_BTC_min,Aggregate_feature_44,-0.021744170226697383
in_BTC_min,Aggregate_feature_32,-0.021902764987465583
in_BTC_min,Aggregate_feature_14,-0.022328534778074838
in_BTC_max,Aggregate_feature_7,-0.022368628011892717
out_BTC_median,Aggregate_feature_49,-0.02242874071917005
in_BTC_max,Aggregate_feature_43,-0.022540068497694816
in_BTC_total,Aggregate_feature_43,-0.02288423166770909
total_BTC,Aggregate_feature_43,-0.02288767924753888
out_BTC_total,Aggregate_feature_43,-0.02288767924753888
in_BTC_total,Aggregate_feature_7,-0.02295148114195643
out_BTC_total,Aggregate_feature_7,-0.022955118414078265
total_BTC,Aggregate_feature_7,-0.022955118414078265
out_BTC_mean,Aggregate_feature_49,-0.02311433122440866
out_BTC_min,Aggregate_feature_19,-0.023149082320845154
out_BTC_max,Aggregate_feature_43,-0.023341660815688024
in_BTC_min,Aggregate_feature_7,-0.023356808394264954
out_BTC_min,Aggregate_feature_64,-0.023397203677857043
in_BTC_mean,Aggregate_feature_7,-0.023401187445406882
out_BTC_max,Aggregate_feature_7,-0.023406910250352044
in_BTC_median,Aggregate_feature_7,-0.023424232773402755
in_BTC_min,Aggregate_feature_49,-0.023562573683850317
in_BTC_min,Aggregate_feature_43,-0.023570394698257082
in_BTC_mean,Aggregate_feature_43,-0.023594590281182704
in_BTC_median,Aggregate_feature_43,-0.023621901294987226
out_BTC_max,Aggregate_feature_49,-0.023760963866420483
in_BTC_median,Aggregate_feature_49,-0.02379349546156561
in_BTC_max,Aggregate_feature_10,-0.023837510611912
in_BTC_mean,Aggregate_feature_49,-0.023857443382315584
in_BTC_max,Aggregate_feature_49,-0.023973897322940644
in_BTC_total,Aggregate_feature_49,-0.024057731450245604
out_BTC_total,Aggregate_feature_49,-0.024058524587918535
total_BTC,Aggregate_feature_49,-0.024058524587918535
out_BTC_min,Aggregate_feature_63,-0.024084755522009452
in_BTC_total,Aggregate_feature_10,-0.024272533240875232
total_BTC,Aggregate_feature_10,-0.024276277566637704
out_BTC_total,Aggregate_feature_10,-0.024276277566637704
in_BTC_max,Aggregate_feature_8,-0.02452240132880849
out_BTC_max,Aggregate_feature_10,-0.024748184863147563
in_BTC_min,Aggregate_feature_10,-0.02489983885545625
in_BTC_total,Aggregate_feature_8,-0.024907249094904677
out_BTC_total,Aggregate_feature_8,-0.02491102715094685
total_BTC,Aggregate_feature_8,-0.02491102715094685
in_BTC_mean,Aggregate_feature_10,-0.024940591031500956
in_BTC_median,Aggregate_feature_10,-0.024967166414867212
out_BTC_max,Aggregate_feature_8,-0.025387069480592273
in_BTC_min,Aggregate_feature_64,-0.025507221224902277
in_BTC_min,Aggregate_feature_8,-0.02562007595366854
in_BTC_mean,Aggregate_feature_8,-0.025653894870399242
in_BTC_median,Aggregate_feature_8,-0.025682332767023884
in_BTC_median,Aggregate_feature_64,-0.02582150263361438
out_BTC_min,Aggregate_feature_62,-0.025864270007720833
in_BTC_mean,Aggregate_feature_64,-0.025901184052876114
in_BTC_max,Aggregate_feature_64,-0.02592365322202599
in_txs_degree,Aggregate_feature_57,-0.026243611280107493
num_input_addresses,Aggregate_feature_57,-0.02651419786847613
out_BTC_max,Aggregate_feature_64,-0.02663254007036664
in_BTC_total,Aggregate_feature_64,-0.02683922759524734
total_BTC,Aggregate_feature_64,-0.026839472169126615
out_BTC_total,Aggregate_feature_64,-0.026839472169126615
in_BTC_max,Aggregate_feature_46,-0.026936890615688054
in_BTC_total,Aggregate_feature_46,-0.02743441360695555
total_BTC,Aggregate_feature_46,-0.027437816674515225
out_BTC_total,Aggregate_feature_46,-0.027437816674515225
out_BTC_max,Aggregate_feature_46,-0.02782838928993062
in_BTC_min,Aggregate_feature_46,-0.02791191463666267
in_BTC_mean,Aggregate_feature_46,-0.027985390813219276
in_BTC_median,Aggregate_feature_46,-0.0280093496723852
out_BTC_mean,Aggregate_feature_50,-0.028840403447598174
out_BTC_mean,Aggregate_feature_52,-0.02921643911630366
out_BTC_median,Aggregate_feature_52,-0.030022555600952173
out_BTC_mean,Aggregate_feature_43,-0.033401821000328756
out_BTC_median,Aggregate_feature_50,-0.033637078607288706
out_BTC_mean,Aggregate_feature_45,-0.0337588254018933
in_BTC_total,Aggregate_feature_56,-0.03410194763014868
total_BTC,Aggregate_feature_56,-0.03410469366035107
out_BTC_total,Aggregate_feature_56,-0.03410469366035107
out_BTC_mean,Aggregate_feature_7,-0.0342659242248796
in_BTC_max,Aggregate_feature_56,-0.034353476787942844
out_BTC_mean,Aggregate_feature_62,-0.034396570467070155
in_BTC_min,Aggregate_feature_61,-0.03507226222162314
out_BTC_median,Aggregate_feature_61,-0.03536662544359805
in_BTC_median,Aggregate_feature_61,-0.03537454978314402
out_BTC_median,Aggregate_feature_43,-0.03545939287512767
in_BTC_mean,Aggregate_feature_61,-0.035470590389157015
out_BTC_mean,Aggregate_feature_10,-0.03566242721906499
out_BTC_median,Aggregate_feature_45,-0.035698171573393916
in_BTC_max,Aggregate_feature_61,-0.03583321887392187
out_BTC_max,Aggregate_feature_56,-0.03587810188033521
out_BTC_max,Aggregate_feature_61,-0.0359475817617445
total_BTC,Aggregate_feature_61,-0.03625251060963682
out_BTC_total,Aggregate_feature_61,-0.03625251060963682
in_BTC_total,Aggregate_feature_61,-0.036252636267075804
out_BTC_mean,Aggregate_feature_61,-0.03627795624963008
out_BTC_mean,Aggregate_feature_8,-0.03630071936976888
out_BTC_mean,Aggregate_feature_64,-0.036393669349902236
out_BTC_median,Aggregate_feature_7,-0.0364970164296256
out_BTC_median,Aggregate_feature_64,-0.03693740154105177
in_BTC_mean,Aggregate_feature_56,-0.03727588368577715
in_BTC_median,Aggregate_feature_56,-0.03748747821745086
in_BTC_min,Aggregate_feature_56,-0.03773228562914356
in_BTC_total,Aggregate_feature_21,-0.03774620280083877
total_BTC,Aggregate_feature_21,-0.03774915426383266
out_BTC_total,Aggregate_feature_21,-0.03774915426383266
out_BTC_median,Aggregate_feature_10,-0.03789765367969354
out_BTC_median,Aggregate_feature_8,-0.0385285016263238
out_BTC_mean,Aggregate_feature_46,-0.039515144748043775
out_BTC_median,Aggregate_feature_62,-0.03985479528316318
out_BTC_max,Aggregate_feature_21,-0.04018574343342133
out_BTC_median,Aggregate_feature_21,-0.04102534687366272
out_BTC_mean,Aggregate_feature_21,-0.04111937927659203
out_BTC_median,Aggregate_feature_46,-0.041688544247319825
in_BTC_max,Aggregate_feature_21,-0.04497394835134086
in_BTC_min,Aggregate_feature_19,-0.045215780431828806
in_BTC_median,Aggregate_feature_19,-0.045470447561487035
in_BTC_mean,Aggregate_feature_19,-0.04567198700538705
out_BTC_mean,Aggregate_feature_44,-0.04652298610731742
num_output_addresses,Aggregate_feature_55,-0.04686482501624675
in_BTC_max,Aggregate_feature_19,-0.04818824756550548
out_txs_degree,Aggregate_feature_49,-0.05041666923062284
out_BTC_median,Aggregate_feature_44,-0.050485220490829805
in_BTC_total,Aggregate_feature_19,-0.0513311706086483
out_BTC_total,Aggregate_feature_19,-0.051331970750741696
total_BTC,Aggregate_feature_19,-0.051331970750741696
out_BTC_max,Aggregate_feature_19,-0.052209350960111825
in_BTC_mean,Aggregate_feature_21,-0.054281024965932734
in_BTC_median,Aggregate_feature_21,-0.055126680230424
in_BTC_min,Aggregate_feature_21,-0.05678497482318332
in_BTC_total,Aggregate_feature_22,-0.062274018945391245
total_BTC,Aggregate_feature_22,-0.06227711618136187
out_BTC_total,Aggregate_feature_22,-0.06227711618136187
in_BTC_max,Aggregate_feature_22,-0.06263293697722344
in_BTC_mean,Aggregate_feature_22,-0.0637642817350189
in_BTC_median,Aggregate_feature_22,-0.06389004713270643
in_BTC_min,Aggregate_feature_22,-0.06398769009696915
out_BTC_max,Aggregate_feature_22,-0.06425084353388703
in_BTC_total,Aggregate_feature_58,-0.06473593656818431
out_BTC_total,Aggregate_feature_58,-0.06473883896062764
total_BTC,Aggregate_feature_58,-0.06473883896062764
in_BTC_max,Aggregate_feature_58,-0.06494950417882656
out_BTC_max,Aggregate_feature_58,-0.06546938552807399
out_BTC_mean,Aggregate_feature_56,-0.06621715260967379
in_BTC_min,Aggregate_feature_58,-0.06640915839833052
in_BTC_mean,Aggregate_feature_58,-0.06659700372866229
in_BTC_median,Aggregate_feature_58,-0.0667179741908686
in_BTC_total,Aggregate_feature_20,-0.06745802684872296
out_BTC_total,Aggregate_feature_20,-0.06746232605977619
total_BTC,Aggregate_feature_20,-0.06746232605977619
out_BTC_max,Aggregate_feature_20,-0.07022103107889296
in_BTC_max,Aggregate_feature_20,-0.07130151560938255
out_BTC_median,Aggregate_feature_56,-0.07219481231683861
in_BTC_mean,Aggregate_feature_20,-0.0763072796919679
size,Aggregate_feature_19,-0.07639824144427892
in_BTC_median,Aggregate_feature_20,-0.07673019901423979
in_BTC_min,Aggregate_feature_20,-0.07717444406098062
out_BTC_median,Aggregate_feature_55,-0.0816914573029651
out_txs_degree,Aggregate_feature_61,-0.08179875694792263
out_BTC_mean,Aggregate_feature_55,-0.08210794435223603
out_BTC_mean,Aggregate_feature_19,-0.083967239187745
out_BTC_mean,Aggregate_feature_58,-0.08520950143669244
in_BTC_min,Aggregate_feature_55,-0.08608833114037225
in_txs_degree,Aggregate_feature_19,-0.08697794707103107
out_BTC_max,Aggregate_feature_55,-0.0871499877733732
in_BTC_median,Aggregate_feature_55,-0.08719266274143442
in_BTC_mean,Aggregate_feature_55,-0.08727474354086649
in_BTC_total,Aggregate_feature_55,-0.08811649955686535
total_BTC,Aggregate_feature_55,-0.0881181624281328
out_BTC_total,Aggregate_feature_55,-0.0881181624281328
in_BTC_max,Aggregate_feature_55,-0.08816155187051301
out_BTC_median,Aggregate_feature_58,-0.08905643679420813
out_BTC_median,Aggregate_feature_19,-0.09036441183740575
out_BTC_mean,Aggregate_feature_22,-0.09634718251300352
num_input_addresses,Aggregate_feature_19,-0.09930283410750895
out_BTC_mean,Aggregate_feature_20,-0.10068165571874872
out_BTC_median,Aggregate_feature_22,-0.10293592476843798
out_txs_degree,Aggregate_feature_55,-0.10685433384805236
out_BTC_median,Aggregate_feature_20,-0.10702337860641732
